Comparison,DM Statistic,p-value,Mean Difference
HMM vs Gaussian,-5.715542121774369,1.3162363384422415e-08,-0.28618719176602125
HMM vs Student-t,-8.376472712108338,1.2331777655133632e-16,-0.11070324893306802
"HMM vs GARCH(1,1)",-3.1629551623708267,0.0015929561756615788,-0.03404511680738611
"HMM vs t-GARCH(1,1)",-2.2802252795361393,0.022733654482228423,-0.012142415098353622
