State,To State 0,To State 1,To State 2,To State 3
From State 0,0.950634643691263,0.04709477738143897,1.901174783595208e-39,0.002270578927297915
From State 1,0.05068523540947553,0.9382103398167699,1.5461045934542158e-14,0.011104424773739078
From State 2,4.7354945759268756e-126,2.85116245652308e-60,0.9534200542463522,0.04657994575364771
From State 3,5.948944153953257e-69,0.01977712104471593,0.006095789044363748,0.9741270899109203
